{
    "val": {
        "loss": 0.35475361347198486,
        "dsc": 0.9200244545936584
    },
    "epoch": 4,
    "step": 619,
    "train": {
        "loss": 0.36512991786003113,
        "dsc": 0.9165211915969849
    }
}
