{
    "val": {
        "loss": 0.3885588049888611,
        "dsc": 0.9113020896911621
    },
    "epoch": 4,
    "step": 414,
    "train": {
        "loss": 0.3909369707107544,
        "dsc": 0.9098525643348694
    }
}
