step	dsc
82	0.7908380627632141
165	0.8377956748008728
248	0.8754827976226807
331	0.8967224359512329
414	0.9098525643348694
