step	dsc
123	0.8168655633926392
247	0.8496018648147583
371	0.8985425233840942
495	0.9098348021507263
619	0.9165211915969849
