step	loss
82	0.7742681503295898
165	0.6267220973968506
248	0.5189533233642578
331	0.44473135471343994
414	0.3909369707107544
