step	loss
123	0.6910122036933899
247	0.5954575538635254
371	0.4415830969810486
495	0.3894121050834656
619	0.36512991786003113
