{
    "val": {
        "loss": 0.47947758436203003,
        "dsc": 0.8819319009780884
    },
    "epoch": 1,
    "step": 165,
    "train": {
        "loss": 0.5367872714996338,
        "dsc": 0.870556116104126
    }
}
