{
    "val": {
        "loss": 0.3480689823627472,
        "dsc": 0.9205895662307739
    },
    "epoch": 2,
    "step": 371,
    "train": {
        "loss": 0.30571335554122925,
        "dsc": 0.9321592450141907
    }
}
