{
    "val": {
        "loss": 0.2732587456703186,
        "dsc": 0.9461278319358826
    },
    "epoch": 1,
    "step": 165,
    "train": {
        "loss": 0.3952513635158539,
        "dsc": 0.9168472290039062
    }
}
