step	dsc
123	0.8360766172409058
247	0.9328575134277344
371	0.9321592450141907
