step	dsc
82	0.8124041557312012
165	0.870556116104126
