step	dsc
82	0.8486183285713196
165	0.9168472290039062
