step	loss
82	0.6995057463645935
165	0.5367872714996338
