step	loss
123	0.6466550230979919
247	0.31359708309173584
371	0.30571335554122925
