step	loss
82	0.6590006947517395
165	0.3952513635158539
